需求 ID,模块,需求名称,类型,PRD 依据,描述,前置条件,验收标准（可测）,优先级,状态,测试用例 ID,依赖/备注,变更标注
DB-001,数据看板,数据看板-综述-核心统计与待办入口,功能,§页面层级-数据看板-综述,展示品类、范本、资源等总览统计与待办；为运营与编制人员提供健康度与导航入口。,无；左侧菜单「数据看板」可见。,进入页面可见标题区；统计与待办区域渲染完成且不因单接口失败而白屏。,P0,草稿,,,
DB-002,数据看板,数据看板-业务流程-读取本地数据并计算指标,功能,§页面层级-数据看板-业务流程,读取品类树、范本、资源（及可选招标文件）数据；计算总量与状态分布；渲染指标卡与待办。,Mock 或持久化数据可读；客户端完成 storage 水合（若有）。,品类总数、范本总数/状态、招标文件卡片（若展示）数字与数据源一致；待办条数逻辑与实现一致。,P0,草稿,,,
DB-003,数据看板,细粒度-页面进入与数据加载,功能,§细粒度-数据看板-页面进入与数据加载,点击左侧「数据看板」进入；加载品类、范本、资源并计算统计（本期不含招标文件维度统计口径验收时可标注）。,无。,卡片与待办展示最新统计；异常时展示空值或默认占位且不阻断页面打开（PRD 失败处理）。,P0,草稿,,,
DB-004,数据看板,指标卡-品类总数与产业覆盖提示,功能,§页面层级-数据看板-业务流程,展示品类叶子总数及覆盖产业领域数（或等价 trend 文案）。,品类树数据可用。,数字等于三级树叶子品类计数；趋势文案与产业领域数量一致。,P1,草稿,,,
DB-005,数据看板,指标卡-范本总数与已发布/草稿分布,功能,§页面层级-数据看板-业务流程,展示范本总量及已发布、草稿等分布文案。,范本列表数据可用。,范本总数与列表一致；已发布/草稿数量与状态筛选结果一致。,P1,草稿,,,
DB-006,数据看板,指标卡-招标文件列表规模（展示层）,功能,§页面层级-数据看板-业务流程,展示招标文件相关统计卡片（若产品保留该维度）。,招标文件 Mock 或接口可用。,卡片数字与 getMockBidDocuments 结果一致；无数据时为 0。,P2,草稿,,,
DB-007,数据看板,待办-未完成范本编制（草稿且进度未满）,功能,§页面层级-数据看板-业务流程,待办区提示处于草稿且编制进度未满的范本数量及说明。,存在至少 0 条范本记录。,有未完成草稿时展示 warning 样式与条数；全部完成时展示「暂无」类提示。,P1,草稿,,,
DB-008,数据看板,待办-文本更新影响范本提示,功能,§页面层级-数据看板-业务流程,检测引用文本更新时间晚于范本更新时间的范本并提示。,范本章节存在 textFragmentId 绑定；资源带 updatedAt。,存在滞后引用时条数与判定逻辑一致；无影响时展示友好说明。,P1,草稿,,,
DB-009,数据看板,快速操作区-入口按钮展示,功能,§页面层级-数据看板-业务流程,展示「新建品类」「维护资源」「编制范本」等快捷入口区块（具体跳转依实现）。,页面加载完成。,区块标题与按钮文案可见；hover 样式符合公共交互规范。,P2,草稿,,,
DB-010,数据看板,菜单往返后统计刷新,功能,§页面层级-数据看板-业务流程-4,用户切换离开再返回数据看板时统计应按最新数据刷新。,可在其他页修改品类/范本/资源数据。,返回后数值与当前 Mock 数据一致（或触发重新计算）。,P1,草稿,,,
DB-011,数据看板,SSR 与 localStorage 水合一致性,规则,§规则3 & 实现-DashboardPage,首屏使用服务端快照避免水合失败；客户端就绪后切换为本地存储数据。,浏览器允许 localStorage。,控制台无 hydration mismatch；切换后统计更新。,P1,草稿,,,
DB-012,数据看板,统计口径-品类数为叶子品类计数,规则,§数据要素-品类树,品类总数按 Category 叶子节点累计而非产业或采购分类数量。,三级树非空。,与手工遍历品类列表计数一致。,P1,草稿,,,
DB-013,数据看板,统计口径-范本状态枚举一致,规则,§规则1-状态与流程统一,看板中范本状态统计与全局一致：**仅草稿、已发布**（现行实现无「已归档」范本状态）。,存在多条范本记录。,草稿+已发布计数之和等于范本总数；与 `Template.status` 枚举一致。,P1,草稿,,PRD 2026-05-13 与实现对齐,更新
DB-014,数据看板,待办附言-草稿与已发布等辅助信息,功能,§页面层级-数据看板-业务流程,待办项底部附言展示辅助信息（如草稿总数、已发布数量等，以 `DashboardPage` 实现为准）。,待办组件渲染。,附言数字与对应指标计算一致。,P2,草稿,,不含「范本归档」口径,更新
DB-015,数据看板,空数据与异常-不阻断打开,规则,§细粒度-数据看板-页面进入与数据加载,读取失败或数据为空时页面仍可打开并展示 0 或空态。,可模拟空列表。,无崩溃；卡片显示 0 或约定空态文案。,P1,草稿,,,
DB-016,数据看板,布局响应式-指标卡栅格,非功能,§公共能力-列表与布局,指标卡在窄屏单列、宽屏三列自适应。,浏览器可调整宽度。,md/lg 断点下栅格列数符合 Tailwind 配置。,P2,草稿,,,
DB-017,数据看板,性能-大数据量下列表仍可滚动浏览,非功能,§非功能需求（观测）,待办与快捷操作区在条目增多时可滚动不溢出视口。,Mock 膨胀数据（可选）。,页面不出现横向滚动条（除非设计允许）。,P2,草稿,,,
DB-018,数据看板,数据同源-与品类/范本/资源模块一致,规则,§总目标,看板指标的数据源与各业务页读取的 Mock/API 同源。,可交叉核对同一实体数量。,品类页叶子总数与看板品类总数一致。,P1,草稿,,,
DB-019,数据看板,本期范围-招标文件统计展示但不强制 PRD 验收,范围,§细粒度-数据看板（备注）,PRD 写明本期统计可不包含招标文件维度；界面若展示则需标注为实现扩展。,产品范围基线已确认。,范围评审记录或需求备注可追溯；测试用例标注可选。,P2,草稿,,,
DB-020,数据看板,可访问性-待办区标题层级,非功能,§公共交互规范,待办与快捷操作使用清晰标题便于扫描。,无。,主要区块具备可视标题（手工检查）。,P3,草稿,,,
CM-001,品类管理,品类管理-综述-三级树与同步日志能力,功能,§页面层级-品类管理-综述,维护产业领域→采购分类→品类三级结构；提供同步拉取与同步操作日志追溯。,菜单「品类管理」可见。,页面标题与综述文案可见；树与右上入口符合业务流程描述。,P0,草稿,,,
CM-002,品类管理,品类-业务流程-进入页面加载树与统计卡,功能,§页面层级-品类管理-业务流程-1,进入页面后加载三级树及产业/采购分类/品类统计卡。,Mock 品类树可读。,三张统计卡数字与树遍历计数一致。,P0,草稿,,,
CM-003,品类管理,品类-业务流程-展开产业领域与采购分类,功能,§页面层级-品类管理-业务流程-2,点击展开图标展开下级产业领域或采购分类节点。,节点存在子级。,展开后子节点显示；折叠后隐藏（本地状态）。,P0,草稿,,,
CM-004,品类管理,品类-业务流程-搜索框实时过滤,功能,§页面层级-品类管理-业务流程-3,顶部搜索关键字实时过滤产业、采购分类、品类名称。,树非空。,输入关键字后仅展示匹配分支；清空恢复全量。,P0,草稿,,,
CM-005,品类管理,品类-业务流程-同步信息拉取品类,功能,§页面层级-品类管理-业务流程-4,点击「同步信息」进入加载态并调用 POST /api/categories/sync 更新树数据。,接口可达或本地 Mock 返回 success。,成功后树与统计更新；失败保留原数据并提示（PRD 失败处理）。,P0,草稿,,,
CM-006,品类管理,品类-业务流程-操作日志弹窗分页,功能,§页面层级-品类管理-业务流程-5,点击「操作日志」打开弹窗展示 category/sync 相关审计日志并支持分页。,审计写入链路可用。,弹窗可调阅；无记录时空态；分页控件可用（见 OperationLogDialog）。,P0,草稿,,,
CM-007,品类管理,细粒度-点击同步信息,功能,§细粒度-品类管理-点击「同步信息」,同步前检查未在同步中；按钮 loading；成功后写审计、展示 message。,当前不在 syncing。,与 PRD「成功结果/失败处理」一致；返回结构校验失败有提示。,P0,草稿,,,
CM-008,品类管理,细粒度-点击操作日志,功能,§细粒度-品类管理-点击「操作日志」,打开日志弹窗并按时间倒序加载 category 范围日志。,无。,空列表显示「暂无记录」类空态（PRD）。,P0,草稿,,,
CM-009,品类管理,细粒度-树节点展开/折叠,功能,§细粒度-品类管理-树节点展开/折叠,展开图标切换产业领域或采购分类子树显隐。,存在子级。,切换仅影响本地展开集合；无请求副作用。,P0,草稿,,,
CM-010,品类管理,统计卡-产业领域数量展示,功能,§页面层级-品类管理-业务流程-1,第一张统计卡展示产业领域总数。,industries 数组可读。,数字等于顶层 Industry 数量。,P1,草稿,,,
CM-011,品类管理,统计卡-采购分类数量展示,功能,§页面层级-品类管理-业务流程-1,第二张统计卡汇总全部采购分类节点数量。,树非空。,与遍历 procurementCategories 计数一致。,P1,草稿,,,
CM-012,品类管理,统计卡-品类（叶子）数量展示,功能,§页面层级-品类管理-业务流程-1,第三张统计卡汇总品类叶子节点总数。,树非空。,与叶子 Category 计数一致。,P1,草稿,,,
CM-013,品类管理,同步结果横幅/文案提示,功能,实现-CategoryPage,同步结束在页面顶部展示同步结果或错误文案（syncMessage）。,执行过一次同步。,成功/失败均有可读反馈；失败不修改本地树数据。,P1,草稿,,,
CM-014,品类管理,同步成功写入审计-scope category,规则,§规则3 & §细粒度-同步信息,"同步成功后追加 DataAuditEntry（scope=category, action=sync）。",appendDataAudit 可用。,操作日志弹窗可见对应条目字段。,P1,草稿,,,
CM-015,品类管理,同步中禁用重复提交,规则,§细粒度-品类管理-点击「同步信息」,syncing 为真时按钮禁用或不可重复触发同步。,网络延迟可模拟。,同步过程中按钮为 loading/disabled。,P1,草稿,,,
CM-016,品类管理,树排序展示-sortIndustryTreeForDisplay,规则,实现-sortIndustryTreeForDisplay,过滤后的树按既定规则排序展示，保证稳定性。,搜索过滤激活。,同输入下列表顺序稳定可复现。,P2,草稿,,,
CM-017,品类管理,搜索无匹配时的空树展示,功能,§页面层级-品类管理-业务流程-3,关键字无匹配时树区域为空或展示约定空态。,可输入不存在关键字。,不出现错误崩溃；用户能理解无结果。,P2,草稿,,,
CM-018,品类管理,品类叶子节点展示名称与描述,功能,§页面层级-品类管理,叶子品类展示名称及可选描述文案。,品类节点含描述字段。,与数据结构一致；折行显示正常。,P2,草稿,,,
CM-019,品类管理,展开状态持久（会话内）,规则,实现-default expanded sets,默认展开示例节点；用户折叠展开仅在会话内保持。,刷新页面。,刷新后恢复默认展开策略（按实现文档）。,P3,草稿,,,
CM-020,品类管理,页面标题与副标题说明,功能,§页面层级-品类管理-综述,展示「品类管理」标题及三级层级说明文案。,无。,文案与 PRD 术语一致（产业领域/采购分类/品类）。,P2,草稿,,,
CM-021,品类管理,集成-同步接口返回 industries 替换本地,功能,§页面层级/细粒度-品类管理,集成-同步接口返回 industries 替换本地。,品类页可达；依赖满足条目中说明。,接口返回 success 且 industries 为数组时替换 setMockIndustries。,P1,草稿,,,
CM-022,品类管理,集成-同步 HTTP 非 2xx 错误提示,功能,§页面层级/细粒度-品类管理,集成-同步 HTTP 非 2xx 错误提示。,品类页可达；依赖满足条目中说明。,HTTP 错误抛出并可读提示。,P1,草稿,,,
CM-023,品类管理,集成-同步返回体格式非法提示,功能,§页面层级/细粒度-品类管理,集成-同步返回体格式非法提示。,品类页可达；依赖满足条目中说明。,success 假或 industries 非数组时提示格式错误。,P1,草稿,,,
CM-024,品类管理,日志弹窗标题与 scope 过滤,功能,§页面层级/细粒度-品类管理,日志弹窗标题与 scope 过滤。,品类页可达；依赖满足条目中说明。,弹窗标题「品类同步操作日志」；仅展示 category 范围日志。,P1,草稿,,,
CM-025,品类管理,树图标与层级缩进,功能,§页面层级/细粒度-品类管理,树图标与层级缩进。,品类页可达；依赖满足条目中说明。,采购分类与品类层级视觉上可区分（图标或缩进）。,P2,草稿,,,
CM-026,品类管理,搜索大小写策略,功能,§页面层级/细粒度-品类管理,搜索大小写策略。,品类页可达；依赖满足条目中说明。,当前实现为包含匹配；验收备注大小写敏感规则。,P2,草稿,,,
CM-027,品类管理,移动端横向滚动,功能,§页面层级/细粒度-品类管理,移动端横向滚动。,品类页可达；依赖满足条目中说明。,窄屏下树区域可横向滚动或折行（不溢出）。,P2,草稿,,,
CM-028,品类管理,操作日志关闭后再次打开刷新,功能,§页面层级/细粒度-品类管理,操作日志关闭后再次打开刷新。,品类页可达；依赖满足条目中说明。,关闭再打开可看到新同步写入的日志。,P1,草稿,,,
CM-029,品类管理,并发修改-他页更新品类后返回刷新,功能,§页面层级/细粒度-品类管理,并发修改-他页更新品类后返回刷新。,品类页可达；依赖满足条目中说明。,离开再回读最新 Mock。,P2,草稿,,,
CM-030,品类管理,边界-空品类树,功能,§页面层级/细粒度-品类管理,边界-空品类树。,品类页可达；依赖满足条目中说明。,industries 为空时统计为 0 且树区空态。,P1,草稿,,,
CM-031,品类管理,边界-单节点深层级,功能,§页面层级/细粒度-品类管理,边界-单节点深层级。,品类页可达；依赖满足条目中说明。,三级链完整时可逐级展开到底。,P2,草稿,,,
CM-032,品类管理,快捷键-搜索框清空,功能,§页面层级/细粒度-品类管理,快捷键-搜索框清空。,品类页可达；依赖满足条目中说明。,清空输入恢复全树。,P3,草稿,,,
CM-033,品类管理,术语-与资源范本品类选择同源,功能,§页面层级/细粒度-品类管理,术语-与资源范本品类选择同源。,品类页可达；依赖满足条目中说明。,品类名称与各页筛选下拉同一数据源。,P1,草稿,,,
CM-034,品类管理,审计-detail 字段承载同步说明,功能,§页面层级/细粒度-品类管理,审计-detail 字段承载同步说明。,品类页可达；依赖满足条目中说明。,detail 写入服务端返回 message 或默认文案。,P2,草稿,,,
CM-035,品类管理,加载图标-RotateCw 旋转动画,功能,§页面层级/细粒度-品类管理,加载图标-RotateCw 旋转动画。,品类页可达；依赖满足条目中说明。,同步中图标旋转或文案「同步中」。,P2,草稿,,,
CM-036,品类管理,失败-网络异常兜底文案,功能,§页面层级/细粒度-品类管理,失败-网络异常兜底文案。,品类页可达；依赖满足条目中说明。,catch 展示「同步失败，请稍后重试」类兜底。,P1,草稿,,,
CM-037,品类管理,统计卡配色与可读性,功能,§页面层级/细粒度-品类管理,统计卡配色与可读性。,品类页可达；依赖满足条目中说明。,三张卡配色区分且对比度合格（人工抽检）。,P3,草稿,,,
CM-038,品类管理,树节点 hover 反馈,功能,§页面层级/细粒度-品类管理,树节点 hover 反馈。,品类页可达；依赖满足条目中说明。,可点击区域有 hover 背景。,P3,草稿,,,
CM-039,品类管理,与全局加载冲突,功能,§页面层级/细粒度-品类管理,与全局加载冲突。,品类页可达；依赖满足条目中说明。,同步不使用全局遮罩时按钮自有 loading（现状）。,P3,草稿,,,
CM-040,品类管理,预留-接入审批流（非本期）,功能,§页面层级/细粒度-品类管理,预留-接入审批流（非本期）。,品类页可达；依赖满足条目中说明。,本期不验收；占位说明范围。,P3,草稿,,,
RM-001,资源管理,资源管理-综述-单稿保存同步品类与审计,功能,§页面层级-资源管理（一级分组）-综述,资源四类及范本变量：正文**单稿保存即生效**（无独立草稿/发布枚举）；**适用品类范围**；与范本联动依赖「同步到所有范本」及 WPS 侧栏插入；删除与日志。,相关菜单可达；Mock 可读。,与 PRD v2.0（2026-05-13～14）综述一致；无「仅发布后才可插入」的独立状态机验收。,P1,草稿,,对齐 PRD_v2.0.md,更新
RM-002,资源管理,资源-业务流程-子菜单进入与列表详情区,功能,§页面层级-资源管理-业务流程-1,实现「资源-业务流程-子菜单进入与列表详情区」：行为与 PRD 引用段落一致；详情可参考 semi-auto 同名条目的综述/流程。,相关菜单可达；Mock 数据或后端接口按迭代约定可用。,按 PRD「成功结果」可观察验证；失败时不静默；关键动作可追溯审计（若适用）。,P1,草稿,,,更新
RM-003,资源管理,资源-业务流程-新建或编辑与保存单稿,功能,§页面层级-资源管理-业务流程-3,新建/编辑弹窗填写后点击**保存**持久化正文；维护 `contentVersion`/`versions` 痕迹（见 `normalizeTextFragment`）。,相关菜单可达。,保存后列表与详情展示最新稿；无「草稿/已发布」切换验收项。,P1,草稿,,PRD 2026-05-13,更新
RM-004,资源管理,资源-业务流程-范本侧栏插入建立关联,功能,§页面层级-资源管理-业务流程-4,资源与章节关联在**范本在线编辑侧栏**通过插入建立；资源管理内**不提供**「绑定章节」主流程。,WPS 编辑可达。,与 PRD v2 绑定入口描述一致；历史 `TextBinding` 数据只读展示可接受。,P1,草稿,,替代原「绑定章节确认」主流程,更新
RM-005,资源管理,资源-业务流程-资源行日志分页,功能,§页面层级-资源管理-业务流程-5,实现「资源-业务流程-资源行日志分页」：行为与 PRD 引用段落一致；详情可参考 semi-auto 同名条目的综述/流程。,相关菜单可达；Mock 数据或后端接口按迭代约定可用。,按 PRD「成功结果」可观察验证；失败时不静默；关键动作可追溯审计（若适用）。,P1,草稿,,,更新
RM-006,资源管理,文本管理-综述,功能,§页面层级-文本管理-综述,实现「文本管理-综述」：行为与 PRD 引用段落一致；详情可参考 semi-auto 同名条目的综述/流程。,相关菜单可达；Mock 数据或后端接口按迭代约定可用。,按 PRD「成功结果」可观察验证；失败时不静默；关键动作可追溯审计（若适用）。,P1,草稿,,,更新
RM-007,资源管理,文本管理-业务流程-新建编辑与保存,功能,§页面层级-文本管理-业务流程-1～2,文本：新建/编辑弹窗配置适用品类后**保存**；侧栏可插入；详情区「范本使用统计」默认收起等（见 `TextPage`）。,文本管理可达。,保存成功；统计区与分页行为与 PRD 2026-05-12～14 一致。,P1,草稿,,,更新
RM-008,资源管理,文本管理-业务流程-同步到所有范本,功能,§页面层级-文本管理-业务流程-3～4,用户触发「同步到所有范本」将当前资源 HTML 写入引用该资源的范本章节（`updateMockTemplateTextFragment`）；现行无「跳过已归档范本」分支。,存在引用该文本的范本。,同步后章节内容与资源稿一致；审计写入可追溯。,P1,草稿,,PRD 规则2 现行稿,更新
RM-009,资源管理,文本管理-业务流程-日志与删除,功能,§页面层级-文本管理-业务流程-5,实现「文本管理-业务流程-日志与删除」：行为与 PRD 引用段落一致；详情可参考 semi-auto 同名条目的综述/流程。,相关菜单可达；Mock 数据或后端接口按迭代约定可用。,按 PRD「成功结果」可观察验证；失败时不静默；关键动作可追溯审计（若适用）。,P1,草稿,,,更新
RM-010,资源管理,资格条件管理-综述,功能,§页面层级-资格条件管理-综述,实现「资格条件管理-综述」：行为与 PRD 引用段落一致；详情可参考 semi-auto 同名条目的综述/流程。,相关菜单可达；Mock 数据或后端接口按迭代约定可用。,按 PRD「成功结果」可观察验证；失败时不静默；关键动作可追溯审计（若适用）。,P1,草稿,,,更新
RM-011,资源管理,资格条件-业务流程-新建编辑保存日志删除,功能,§页面层级-资格条件管理-业务流程,资格条件：与文本模块同构——**保存**单稿、适用品类、侧栏插入、同步到范本、日志与删除。,资格条件管理可达。,与 PRD v2 资源子模块流程一致。,P1,草稿,,,更新
RM-012,资源管理,评标办法管理-综述,功能,§页面层级-评标办法管理-综述,实现「评标办法管理-综述」：行为与 PRD 引用段落一致；详情可参考 semi-auto 同名条目的综述/流程。,相关菜单可达；Mock 数据或后端接口按迭代约定可用。,按 PRD「成功结果」可观察验证；失败时不静默；关键动作可追溯审计（若适用）。,P1,草稿,,,更新
RM-013,资源管理,评标办法-业务流程-新建编辑保存与日志,功能,§页面层级-评标办法管理-业务流程,评标办法：单稿保存、适用品类、侧栏插入、同步、日志。,评标办法管理可达。,与 PRD v2 一致。,P1,草稿,,,更新
RM-014,资源管理,合同条款管理-综述,功能,§页面层级-合同条款管理-综述,实现「合同条款管理-综述」：行为与 PRD 引用段落一致；详情可参考 semi-auto 同名条目的综述/流程。,相关菜单可达；Mock 数据或后端接口按迭代约定可用。,按 PRD「成功结果」可观察验证；失败时不静默；关键动作可追溯审计（若适用）。,P1,草稿,,,更新
RM-015,资源管理,合同条款-业务流程-新建编辑保存与删除,功能,§页面层级-合同条款管理-业务流程,合同条款：单稿保存、适用品类、侧栏插入、同步、删除。,合同条款管理可达。,与 PRD v2 一致。,P1,草稿,,,更新
RM-016,资源管理,细粒度-新建资源,功能,§细粒度-资源管理-点击「新建资源」,各资源子模块点击「新建」打开弹窗；填写标题、适用品类、正文后保存。,资源子页可达。,弹窗校验与保存与 PRD 一致；无「保存草稿/发布」分键。,P1,草稿,,PRD 2026-05-13,更新
RM-017,资源管理,细粒度-资源弹窗-点击保存,功能,§细粒度-资源管理-点击「保存」,新建/编辑弹窗内**保存**将正文单稿写入 Mock；递增 `contentVersion` 等（见实现）。,弹窗已打开。,保存成功关闭或停留策略与实现一致；列表与详情刷新。,P1,草稿,,替代原「保存草稿」,更新
RM-018,资源管理,细粒度-资源详情-同步到所有范本,功能,§细粒度-资源管理-同步到所有范本,详情区触发同步：将当前资源 HTML 写入所有引用该资源的范本章节；写审计。,存在引用关系或 0 条时提示。,同步结果 message 可读；章节内容与资源一致。,P1,草稿,,PRD 规则2,更新
RM-019,资源管理,细粒度-适用品类范围,功能,§细粒度-资源管理-适用品类范围,新建/编辑通过 `CategoryScopePicker` 维护适用品类；与范本侧栏过滤一致。,品类树非空（或空态可接受）。,勾选/全选/清空与 PRD 描述一致；保存后回显正确。,P1,草稿,,,更新
RM-020,资源管理,细粒度-文本详情-范本使用统计与折叠,功能,§细粒度-文本管理-范本使用统计,「范本使用统计」**默认收起**；展开后分页；切换左侧资源行时重置为收起。,文本管理；多条资源。,默认折叠；切换资源后仍为折叠；条数不与表头重复统计冲突。,P2,草稿,,PRD 2026-05-12,更新
RM-021,资源管理,细粒度-适用品类树默认收起,功能,§细粒度-资源管理-适用品类范围,新建/编辑弹窗内适用品类树**默认收起**（与 `CategoryScopePicker` 一致）。,打开新建或编辑。,初始为收起；用户可展开勾选。,P2,草稿,,PRD 2026-05-12,更新
RM-022,资源管理,细粒度-删除资源,功能,§细粒度-资源管理-点击「删除资源」,删除前二次确认；删除后列表与绑定数据与实现一致。,存在可删资源。,确认后移除；取消无变更；高风险样式符合公共规范。,P1,草稿,,,更新
RM-023,资源管理,细粒度-资源操作日志,功能,§细粒度-资源管理-点击「资源操作日志」,行级「操作日志」打开弹窗；scope 过滤与分页与 `OperationLogDialog` 一致。,存在审计数据或空列表。,时间倒序；空态文案；关闭再开可见新记录。,P1,草稿,,,更新
RM-024,资源管理,范本变量管理-公共变量列表与分页,功能,§页面层级-范本变量管理,独立页维护与编辑器侧栏**同源**的公共变量；列表、新增/编辑/删除、**底部分页**；表头不与列表重复条数统计。,菜单「范本变量管理」可达。,CRUD 与分页与 `TemplateVariableManagementPage` 一致；与 WPS 侧栏变量列表一致。,P1,草稿,,PRD 2026-05-12,新增
TP-001,范本管理,范本管理-综述-草稿已发布与导入编辑预览下载,功能,§页面层级-范本管理-综述,范本生命周期：**草稿 / 已发布**（无「已归档」）；导入 Word、在线编辑（WPS）、保存、发布、预览、下载、日志、删除；**一键复制**（若有）。,范本管理可达。,状态枚举与 `Template.status` 一致；综述与 PRD v2 一致。,P1,草稿,,无范本归档态,更新
TP-002,范本管理,范本-业务流程-筛选搜索定位,功能,§页面层级-范本管理-业务流程-1,实现「范本-业务流程-筛选搜索定位」：行为与 PRD 引用段落一致；详情可参考 semi-auto 同名条目的综述/流程。,相关菜单可达；Mock 数据或后端接口按迭代约定可用。,按 PRD「成功结果」可观察验证；失败时不静默；关键动作可追溯审计（若适用）。,P1,草稿,,,
TP-003,范本管理,范本-业务流程-新建或导入创建草稿态范本,功能,§页面层级-范本管理-业务流程-2,新建或导入生成 **`draft` 状态**范本；导入走预览确认链路。,范本管理可达。,新范本在列表为草稿；可进入编辑。,P1,草稿,,status=draft|published only,更新
TP-004,范本管理,范本-业务流程-编辑进入在线编辑器,功能,§页面层级-范本管理-业务流程-3,实现「范本-业务流程-编辑进入在线编辑器」：行为与 PRD 引用段落一致；详情可参考 semi-auto 同名条目的综述/流程。,相关菜单可达；Mock 数据或后端接口按迭代约定可用。,按 PRD「成功结果」可观察验证；失败时不静默；关键动作可追溯审计（若适用）。,P1,草稿,,,
TP-005,范本管理,范本-业务流程-保存并返回更新范本,功能,§页面层级-范本管理-业务流程-4,实现「范本-业务流程-保存并返回更新范本」：行为与 PRD 引用段落一致；详情可参考 semi-auto 同名条目的综述/流程。,相关菜单可达；Mock 数据或后端接口按迭代约定可用。,按 PRD「成功结果」可观察验证；失败时不静默；关键动作可追溯审计（若适用）。,P1,草稿,,,
TP-006,范本管理,范本-业务流程-发布预览下载一键复制日志删除,功能,§页面层级-范本管理-业务流程-5,行内：发布、预览、下载、**一键复制**（若 PRD 保留）、操作日志、删除；无「范本归档」动作。,存在范本行。,各动作可测；发布态与列表标签一致。,P1,草稿,,对齐 PRD 行内操作,更新
TP-007,范本管理,细粒度-新建范本,功能,§细粒度-范本管理-点击「新建范本」,实现「细粒度-新建范本」：行为与 PRD 引用段落一致；详情可参考 semi-auto 同名条目的综述/流程。,相关菜单可达；Mock 数据或后端接口按迭代约定可用。,按 PRD「成功结果」可观察验证；失败时不静默；关键动作可追溯审计（若适用）。,P1,草稿,,,
TP-008,范本管理,细粒度-导入文档-预览解析,功能,§细粒度-范本管理-导入文档-预览,实现「细粒度-导入文档-预览解析」：行为与 PRD 引用段落一致；详情可参考 semi-auto 同名条目的综述/流程。,相关菜单可达；Mock 数据或后端接口按迭代约定可用。,按 PRD「成功结果」可观察验证；失败时不静默；关键动作可追溯审计（若适用）。,P1,草稿,,,
TP-009,范本管理,细粒度-导入文档-确认导入并编辑,功能,§细粒度-范本管理-导入文档-确认导入,实现「细粒度-导入文档-确认导入并编辑」：行为与 PRD 引用段落一致；详情可参考 semi-auto 同名条目的综述/流程。,相关菜单可达；Mock 数据或后端接口按迭代约定可用。,按 PRD「成功结果」可观察验证；失败时不静默；关键动作可追溯审计（若适用）。,P1,草稿,,,
TP-010,范本管理,细粒度-范本列表筛选,功能,§细粒度-范本管理-范本列表筛选,实现「细粒度-范本列表筛选」：行为与 PRD 引用段落一致；详情可参考 semi-auto 同名条目的综述/流程。,相关菜单可达；Mock 数据或后端接口按迭代约定可用。,按 PRD「成功结果」可观察验证；失败时不静默；关键动作可追溯审计（若适用）。,P1,草稿,,列表工具栏取消条数/页码摘要（2026-05 TemplatePage）,更新
TP-011,范本管理,细粒度-范本发布,功能,§细粒度-范本管理-点击「发布」,草稿范本发布为 **`published`**；发布后列表状态与标签更新；写审计（若实现）。,存在草稿范本。,状态变为已发布；不可违反 PRD 状态机。,P1,草稿,,,更新
TP-012,范本管理,细粒度-范本编辑-WPS WebOffice,功能,§细粒度-范本管理-点击「编辑」,打开 WPS WebOffice 全屏编辑；侧栏资源/变量；保存回调落盘；插入规则见 WE-004。,WPS 配置可用或 Mock。,可进入编辑；保存后章节数据回写 Mock。,P1,草稿,,WpsTemplateEditor,更新
TP-013,范本管理,细粒度-保存并返回,功能,§细粒度-范本管理-点击「保存并返回」,实现「细粒度-保存并返回」：行为与 PRD 引用段落一致；详情可参考 semi-auto 同名条目的综述/流程。,相关菜单可达；Mock 数据或后端接口按迭代约定可用。,按 PRD「成功结果」可观察验证；失败时不静默；关键动作可追溯审计（若适用）。,P1,草稿,,,
TP-014,范本管理,细粒度-范本预览,功能,§细粒度-范本管理-点击「预览」,实现「细粒度-范本预览」：行为与 PRD 引用段落一致；详情可参考 semi-auto 同名条目的综述/流程。,相关菜单可达；Mock 数据或后端接口按迭代约定可用。,按 PRD「成功结果」可观察验证；失败时不静默；关键动作可追溯审计（若适用）。,P1,草稿,,,
TP-015,范本管理,细粒度-范本下载,功能,§细粒度-范本管理-点击「下载」,实现「细粒度-范本下载」：行为与 PRD 引用段落一致；详情可参考 semi-auto 同名条目的综述/流程。,相关菜单可达；Mock 数据或后端接口按迭代约定可用。,按 PRD「成功结果」可观察验证；失败时不静默；关键动作可追溯审计（若适用）。,P1,草稿,,,
TP-016,范本管理,细粒度-删除范本,功能,§细粒度-范本管理-点击「删除范本」,实现「细粒度-删除范本」：行为与 PRD 引用段落一致；详情可参考 semi-auto 同名条目的综述/流程。,相关菜单可达；Mock 数据或后端接口按迭代约定可用。,按 PRD「成功结果」可观察验证；失败时不静默；关键动作可追溯审计（若适用）。,P1,草稿,,,
TP-017,范本管理,细粒度-范本操作日志,功能,§细粒度-范本管理-点击「范本操作日志」,实现「细粒度-范本操作日志」：行为与 PRD 引用段落一致；详情可参考 semi-auto 同名条目的综述/流程。,相关菜单可达；Mock 数据或后端接口按迭代约定可用。,按 PRD「成功结果」可观察验证；失败时不静默；关键动作可追溯审计（若适用）。,P1,草稿,,,
WE-001,在线编辑（WPS）,在线编辑-综述-WebOffice与回调落盘回写章节,功能,§页面层级-在线编辑（WPS）-综述,实现「在线编辑-综述-WebOffice与回调落盘回写章节」：行为与 PRD 引用段落一致；详情可参考 semi-auto 同名条目的综述/流程。,相关菜单可达；Mock 数据或后端接口按迭代约定可用。,按 PRD「成功结果」可观察验证；失败时不静默；关键动作可追溯审计（若适用）。,P1,草稿,,,
WE-002,在线编辑（WPS）,在线编辑-业务流程-获取编辑链接打开 WebOffice,集成,§页面层级-在线编辑-业务流程-1,实现「在线编辑-业务流程-获取编辑链接打开 WebOffice」：行为与 PRD 引用段落一致；详情可参考 semi-auto 同名条目的综述/流程。,相关菜单可达；Mock 数据或后端接口按迭代约定可用。,按 PRD「成功结果」可观察验证；失败时不静默；关键动作可追溯审计（若适用）。,P1,草稿,,,
WE-003,在线编辑（WPS）,在线编辑-业务流程-回调加载文件元数据,集成,§页面层级-在线编辑-业务流程-2,实现「在线编辑-业务流程-回调加载文件元数据」：行为与 PRD 引用段落一致；详情可参考 semi-auto 同名条目的综述/流程。,相关菜单可达；Mock 数据或后端接口按迭代约定可用。,按 PRD「成功结果」可观察验证；失败时不静默；关键动作可追溯审计（若适用）。,P1,草稿,,,
WE-004,在线编辑（WPS）,在线编辑-业务流程-侧栏插入资源与变量（仅光标）,功能,§页面层级-在线编辑-业务流程-3 & §规则3,侧栏选择资源或变量后**仅向当前光标位置插入**；**无**手工粘贴/剪贴板兜底路径。插入失败时弹窗仅 **「重试」「取消」**（与 PRD/实现一致）。,编辑器已打开。,成功则文档出现片段；失败弹窗文案与按钮符合 PRD 2026-05-14。,P1,草稿,,WpsTemplateEditor,更新
WE-005,在线编辑（WPS）,在线编辑-业务流程-上传新版本回调与解析回写,集成,§页面层级-在线编辑-业务流程-4,实现「在线编辑-业务流程-上传新版本回调与解析回写」：行为与 PRD 引用段落一致；详情可参考 semi-auto 同名条目的综述/流程。,相关菜单可达；Mock 数据或后端接口按迭代约定可用。,按 PRD「成功结果」可观察验证；失败时不静默；关键动作可追溯审计（若适用）。,P1,草稿,,,
WE-006,在线编辑（WPS）,在线编辑-业务流程-返回列表后续预览下载发布,功能,§页面层级-在线编辑-业务流程-5,实现「在线编辑-业务流程-返回列表后续预览下载发布」：行为与 PRD 引用段落一致；详情可参考 semi-auto 同名条目的综述/流程。,相关菜单可达；Mock 数据或后端接口按迭代约定可用。,按 PRD「成功结果」可观察验证；失败时不静默；关键动作可追溯审计（若适用）。,P1,草稿,,,
WE-007,在线编辑（WPS）,细粒度-插入资源,功能,§细粒度-在线编辑-插入资源,从侧栏插入资源 HTML：走 WebOffice API；失败时 **重试/取消** 对话框；不重试则文档不变。,侧栏有资源列表。,与 WE-004 规则一致；无静默失败。,P1,草稿,,,更新
WE-008,在线编辑（WPS）,细粒度-插入变量,功能,§细粒度-在线编辑-插入变量,插入 `{{变量名}}` 或等价占位：与资源插入**同一套**失败弹窗（重试/取消）。,变量库非空。,变量插入失败 UX 与资源一致。,P1,草稿,,variableInsertRetryItem,更新
PU-001,公共交互规范,公共-列表分页与空态,功能,§公共交互规范-列表与分页,实现「公共-列表分页与空态」：行为与 PRD 引用段落一致；详情可参考 semi-auto 同名条目的综述/流程。,相关菜单可达；Mock 数据或后端接口按迭代约定可用。,按 PRD「成功结果」可观察验证；失败时不静默；关键动作可追溯审计（若适用）。,P1,草稿,,,
PU-002,公共交互规范,公共-筛选搜索与状态标签,功能,§公共交互规范-列表与分页,实现「公共-筛选搜索与状态标签」：行为与 PRD 引用段落一致；详情可参考 semi-auto 同名条目的综述/流程。,相关菜单可达；Mock 数据或后端接口按迭代约定可用。,按 PRD「成功结果」可观察验证；失败时不静默；关键动作可追溯审计（若适用）。,P1,草稿,,,
PU-003,公共交互规范,公共-高风险操作二次确认,功能,§公共交互规范-弹窗规范,实现「公共-高风险操作二次确认」：行为与 PRD 引用段落一致；详情可参考 semi-auto 同名条目的综述/流程。,相关菜单可达；Mock 数据或后端接口按迭代约定可用。,按 PRD「成功结果」可观察验证；失败时不静默；关键动作可追溯审计（若适用）。,P1,草稿,,,
PU-004,公共交互规范,公共-日志弹窗字段口径,功能,§公共交互规范-弹窗规范,实现「公共-日志弹窗字段口径」：行为与 PRD 引用段落一致；详情可参考 semi-auto 同名条目的综述/流程。,相关菜单可达；Mock 数据或后端接口按迭代约定可用。,按 PRD「成功结果」可观察验证；失败时不静默；关键动作可追溯审计（若适用）。,P1,草稿,,,
PU-005,公共交互规范,公共-异步操作加载成功失败态,功能,§公共交互规范-提示反馈,实现「公共-异步操作加载成功失败态」：行为与 PRD 引用段落一致；详情可参考 semi-auto 同名条目的综述/流程。,相关菜单可达；Mock 数据或后端接口按迭代约定可用。,按 PRD「成功结果」可观察验证；失败时不静默；关键动作可追溯审计（若适用）。,P1,草稿,,,
PU-006,公共交互规范,公共-错误提示可理解可恢复,功能,§公共交互规范-提示反馈,实现「公共-错误提示可理解可恢复」：行为与 PRD 引用段落一致；详情可参考 semi-auto 同名条目的综述/流程。,相关菜单可达；Mock 数据或后端接口按迭代约定可用。,按 PRD「成功结果」可观察验证；失败时不静默；关键动作可追溯审计（若适用）。,P1,草稿,,,
GL-001,全局规则,全局-总目标闭环,规则,§全局规则-总目标,实现「全局-总目标闭环」：行为与 PRD 引用段落一致；详情可参考 semi-auto 同名条目的综述/流程。,相关菜单可达；Mock 数据或后端接口按迭代约定可用。,按 PRD「成功结果」可观察验证；失败时不静默；关键动作可追溯审计（若适用）。,P1,草稿,,,
GL-002,全局规则,全局-规则1-资源单稿与版本痕迹,规则,§全局规则-规则1 & PRD 2026-05-13,资源正文**无**独立「草稿/已发布」状态枚举；以**保存即生效** + `contentVersion`/`versions`（或等价字段）体现变更痕迹。,资源数据可读。,界面与类型定义不出现资源级 draft/published 枚举验收项。,P1,草稿,,替代「资源状态枚举」,更新
GL-003,全局规则,全局-规则1-范本状态枚举,规则,§全局规则-规则1,范本状态 **`draft` | `published`**；统计与筛选与此一致；**无 `archived`**。,范本列表可读。,枚举、看板、筛选三处口径一致。,P1,草稿,,PRD 2026-05-13,更新
GL-004,全局规则,全局-规则1-校验执行反馈,规则,§全局规则-规则1,实现「全局-规则1-校验执行反馈」：行为与 PRD 引用段落一致；详情可参考 semi-auto 同名条目的综述/流程。,相关菜单可达；Mock 数据或后端接口按迭代约定可用。,按 PRD「成功结果」可观察验证；失败时不静默；关键动作可追溯审计（若适用）。,P1,草稿,,,
GL-005,全局规则,全局-规则2-章节正文解析 resolveSectionRichHtml,规则,§全局规则-规则2 & 实现,范本章节展示/导出等使用 `resolveSectionRichHtml`（或 PRD 命名等价）解析：优先 `section.content` 等与存储一致策略。,存在章节与资源引用。,解析结果与 Mock 数据结构及 PRD「规则2」现行描述一致。,P1,草稿,,resolveTemplateSectionHtml,更新
GL-006,全局规则,全局-规则2-同步到所有范本写入引用章节,规则,§全局规则-规则2,用户显式「同步到所有范本」将资源 HTML 写入**所有引用该资源**的范本章节；非静默后台篡改。,引用关系存在。,同步后章节 HTML 与资源一致；写审计。,P1,草稿,,updateMockTemplateTextFragment,更新
GL-007,全局规则,全局-规则2-绑定去重与非资源侧绑定入口,规则,§全局规则-规则2,`TextBinding` 去重；**主流程**在范本侧栏插入建立关联，资源详情不提供「绑定章节」为验收主路径。,Mock 含绑定数据。,与 PRD v2 绑定入口描述一致。,P1,草稿,,,更新
GL-008,全局规则,全局-规则2细化-适用范围（四类资源+变量）,规则,§全局规则-规则2-细化-适用范围,文本/资格条件/评标办法/合同条款与范本变量库演示范围与 PRD 一致。,各模块可达。,联动与插入能力覆盖 PRD 列示类型。,P1,草稿,,,更新
GL-009,全局规则,全局-规则2细化-无范本归档分支,规则,§全局规则-规则2-细化 & PRD 更新日志,现行产品**无**范本「已归档」态；不要求「归档快照不随资源变」或「跳过 archived 范本」的验收分支。,—,需求评审与 PRD 2026-05-13 备注一致。,P2,草稿,,历史口径见 PRD 更新日志,更新
GL-010,全局规则,全局-规则2细化-联动排除已删除范本,规则,§全局规则-规则2-细化-联动范围,同步或解析时对 **`deleted` 或实现约定排除态** 的范本跳过（以代码为准）。,含已删除标记范本。,被删除范本不被同步覆盖（若实现如此）。,P1,草稿,,以 mockData 为准,更新
GL-011,全局规则,全局-规则2细化-插入与同步的审计与提示,规则,§全局规则-规则2-细化-绑定约束,插入失败、同步结果均有用户可读反馈；关键路径写 `DataAuditEntry`（若适用）。,可触发失败或成功。,不静默；日志可查。,P1,草稿,,,更新
GL-012,全局规则,全局-规则3-关键动作审计日志,规则,§全局规则-规则3,实现「全局-规则3-关键动作审计日志」：行为与 PRD 引用段落一致；详情可参考 semi-auto 同名条目的综述/流程。,相关菜单可达；Mock 数据或后端接口按迭代约定可用。,按 PRD「成功结果」可观察验证；失败时不静默；关键动作可追溯审计（若适用）。,P1,草稿,,,
GL-013,全局规则,全局-规则3-失败必须提示,规则,§全局规则-规则3,实现「全局-规则3-失败必须提示」：行为与 PRD 引用段落一致；详情可参考 semi-auto 同名条目的综述/流程。,相关菜单可达；Mock 数据或后端接口按迭代约定可用。,按 PRD「成功结果」可观察验证；失败时不静默；关键动作可追溯审计（若适用）。,P1,草稿,,,
GL-014,全局规则,全局-规则3-WPS 插入失败仅弹窗重试取消,规则,§全局规则-规则3 & PRD 范本侧栏插入,WPS 侧栏插入失败：**不**采用手工粘贴/剪贴板回退；仅对话框 **重试 / 取消**（与 `WpsTemplateEditor` 一致）。,可模拟插入 API 失败。,无静默成功假象；取消后文档不变。,P1,草稿,,2026/5/14,更新
INT-001,接口与集成（文档中台）,集成-规范性引用-文档中台与 WPS 云文档,集成,§接口与集成-规范性引用,实现「集成-规范性引用-文档中台与 WPS 云文档」：行为与 PRD 引用段落一致；详情可参考 semi-auto 同名条目的综述/流程。,相关菜单可达；Mock 数据或后端接口按迭代约定可用。,按 PRD「成功结果」可观察验证；失败时不静默；关键动作可追溯审计（若适用）。,P1,草稿,,,
INT-002,接口与集成（文档中台）,集成-获取在线编辑链接-open-api,集成,§接口与集成-文档中台侧关键接口-获取在线编辑链接,实现「集成-获取在线编辑链接-open-api」：行为与 PRD 引用段落一致；详情可参考 semi-auto 同名条目的综述/流程。,相关菜单可达；Mock 数据或后端接口按迭代约定可用。,按 PRD「成功结果」可观察验证；失败时不静默；关键动作可追溯审计（若适用）。,P1,草稿,,,
INT-003,接口与集成（文档中台）,集成-开放接口请求头-WPS-4 签名,集成,§接口与集成-文档中台侧关键接口-通用请求头,实现「集成-开放接口请求头-WPS-4 签名」：行为与 PRD 引用段落一致；详情可参考 semi-auto 同名条目的综述/流程。,相关菜单可达；Mock 数据或后端接口按迭代约定可用。,按 PRD「成功结果」可观察验证；失败时不静默；关键动作可追溯审计（若适用）。,P1,草稿,,,
INT-004,接口与集成（文档中台）,集成-回调必须实现-文件元数据与新版本保存,集成,§接口与集成-文档中台侧关键接口-回调清单,实现「集成-回调必须实现-文件元数据与新版本保存」：行为与 PRD 引用段落一致；详情可参考 semi-auto 同名条目的综述/流程。,相关菜单可达；Mock 数据或后端接口按迭代约定可用。,按 PRD「成功结果」可观察验证；失败时不静默；关键动作可追溯审计（若适用）。,P1,草稿,,,
INT-005,接口与集成（文档中台）,集成-可选-在线预览能力,集成,§接口与集成-文档中台侧关键接口-在线预览,实现「集成-可选-在线预览能力」：行为与 PRD 引用段落一致；详情可参考 semi-auto 同名条目的综述/流程。,相关菜单可达；Mock 数据或后端接口按迭代约定可用。,按 PRD「成功结果」可观察验证；失败时不静默；关键动作可追溯审计（若适用）。,P1,草稿,,,
INT-006,接口与集成（文档中台）,集成-业务衔接-file_id 与范本映射,集成,§接口与集成-业务系统衔接-file_id,实现「集成-业务衔接-file_id 与范本映射」：行为与 PRD 引用段落一致；详情可参考 semi-auto 同名条目的综述/流程。,相关菜单可达；Mock 数据或后端接口按迭代约定可用。,按 PRD「成功结果」可观察验证；失败时不静默；关键动作可追溯审计（若适用）。,P1,草稿,,,
INT-007,接口与集成（文档中台）,集成-业务衔接-保存闭环解析章节树,集成,§接口与集成-业务系统衔接-保存闭环,保存回调后解析 docx/HTML 更新章节树；前端 Mock 可用 **mammoth/export-html** 等实现等价链路（见 PRD/实现说明）。,保存成功返回文件。,章节树与正文与解析结果一致；失败有提示。,P1,草稿,,实现细节以代码为准,更新
INT-008,接口与集成（文档中台）,集成-业务衔接-内部 API 演进策略,集成,§接口与集成-业务系统衔接-品类接口,实现「集成-业务衔接-内部 API 演进策略」：行为与 PRD 引用段落一致；详情可参考 semi-auto 同名条目的综述/流程。,相关菜单可达；Mock 数据或后端接口按迭代约定可用。,按 PRD「成功结果」可观察验证；失败时不静默；关键动作可追溯审计（若适用）。,P1,草稿,,,
INT-009,接口与集成（文档中台）,集成要求-中台地址证书 ak/sk 与回调可达,集成,§接口与集成-集成要求,实现「集成要求-中台地址证书 ak/sk 与回调可达」：行为与 PRD 引用段落一致；详情可参考 semi-auto 同名条目的综述/流程。,相关菜单可达；Mock 数据或后端接口按迭代约定可用。,按 PRD「成功结果」可观察验证；失败时不静默；关键动作可追溯审计（若适用）。,P1,草稿,,,
INT-010,接口与集成（文档中台）,集成要求-回调结构与错误码遵循中台文档,集成,§接口与集成-集成要求,实现「集成要求-回调结构与错误码遵循中台文档」：行为与 PRD 引用段落一致；详情可参考 semi-auto 同名条目的综述/流程。,相关菜单可达；Mock 数据或后端接口按迭代约定可用。,按 PRD「成功结果」可观察验证；失败时不静默；关键动作可追溯审计（若适用）。,P1,草稿,,,
INT-011,接口与集成（文档中台）,集成要求-导入保存下载链路可观测,集成,§接口与集成-集成要求,实现「集成要求-导入保存下载链路可观测」：行为与 PRD 引用段落一致；详情可参考 semi-auto 同名条目的综述/流程。,相关菜单可达；Mock 数据或后端接口按迭代约定可用。,按 PRD「成功结果」可观察验证；失败时不静默；关键动作可追溯审计（若适用）。,P1,草稿,,,
INT-012,接口与集成（文档中台）,附录-文档中台错误码与回调错误码索引,集成,§文档体系常见附件-接口错误与 HTTP 状态分类,实现「附录-文档中台错误码与回调错误码索引」：行为与 PRD 引用段落一致；详情可参考 semi-auto 同名条目的综述/流程。,相关菜单可达；Mock 数据或后端接口按迭代约定可用。,按 PRD「成功结果」可观察验证；失败时不静默；关键动作可追溯审计（若适用）。,P1,草稿,,,
NFR-001,非功能需求,非功能-性能-操作时延可接受,非功能,§非功能需求-性能,实现「非功能-性能-操作时延可接受」：行为与 PRD 引用段落一致；详情可参考 semi-auto 同名条目的综述/流程。,相关菜单可达；Mock 数据或后端接口按迭代约定可用。,按 PRD「成功结果」可观察验证；失败时不静默；关键动作可追溯审计（若适用）。,P1,草稿,,,
NFR-002,非功能需求,非功能-性能-长耗时进度反馈,非功能,§非功能需求-性能,实现「非功能-性能-长耗时进度反馈」：行为与 PRD 引用段落一致；详情可参考 semi-auto 同名条目的综述/流程。,相关菜单可达；Mock 数据或后端接口按迭代约定可用。,按 PRD「成功结果」可观察验证；失败时不静默；关键动作可追溯审计（若适用）。,P1,草稿,,,
NFR-003,非功能需求,非功能-稳定-编辑保存导出连续执行,非功能,§非功能需求-稳定性,实现「非功能-稳定-编辑保存导出连续执行」：行为与 PRD 引用段落一致；详情可参考 semi-auto 同名条目的综述/流程。,相关菜单可达；Mock 数据或后端接口按迭代约定可用。,按 PRD「成功结果」可观察验证；失败时不静默；关键动作可追溯审计（若适用）。,P1,草稿,,,
NFR-004,非功能需求,非功能-稳定-失败可感知与可重试,非功能,§非功能需求-稳定性,关键链路失败须提示；允许用户重试或取消（**不**要求以剪贴板等隐式手段「绕过」业务失败，与 WPS 插入规则一致）。,可模拟网络或 SDK 失败。,无白屏；用户可理解原因并采取下一步。,P1,草稿,,与 GL-014 一致,更新
NFR-005,非功能需求,非功能-可维护-模块边界清晰,非功能,§非功能需求-可维护性,实现「非功能-可维护-模块边界清晰」：行为与 PRD 引用段落一致；详情可参考 semi-auto 同名条目的综述/流程。,相关菜单可达；Mock 数据或后端接口按迭代约定可用。,按 PRD「成功结果」可观察验证；失败时不静默；关键动作可追溯审计（若适用）。,P1,草稿,,,
NFR-006,非功能需求,非功能-可维护-命名可追溯,非功能,§非功能需求-可维护性,实现「非功能-可维护-命名可追溯」：行为与 PRD 引用段落一致；详情可参考 semi-auto 同名条目的综述/流程。,相关菜单可达；Mock 数据或后端接口按迭代约定可用。,按 PRD「成功结果」可观察验证；失败时不静默；关键动作可追溯审计（若适用）。,P1,草稿,,,
ACC-001,验收标准（交叉）,验收-功能-页面闭环与资源到范本,验收,§验收标准-功能验收,实现「验收-功能-页面闭环与资源到范本」：行为与 PRD 引用段落一致；详情可参考 semi-auto 同名条目的综述/流程。,相关菜单可达；Mock 数据或后端接口按迭代约定可用。,按 PRD「成功结果」可观察验证；失败时不静默；关键动作可追溯审计（若适用）。,P1,草稿,,,
ACC-002,验收标准（交叉）,验收-功能-招标文件管理为演示范围,验收,§验收标准-功能验收 & §范围说明,「范本 → 完整招标文件生产流水线」仍为非本期核心；**招标文件管理页 Mock 演示**按 PRD 可选验收条目执行。,PRD 范围已确认。,全链路不强制；演示页与 PRD 标注一致。,P2,草稿,,PRD 范围说明,更新
ACC-003,验收标准（交叉）,验收-功能-导入编辑发布预览下载,验收,§验收标准-功能验收,实现「验收-功能-导入编辑发布预览下载」：行为与 PRD 引用段落一致；详情可参考 semi-auto 同名条目的综述/流程。,相关菜单可达；Mock 数据或后端接口按迭代约定可用。,按 PRD「成功结果」可观察验证；失败时不静默；关键动作可追溯审计（若适用）。,P1,草稿,,,
ACC-004,验收标准（交叉）,验收-交互-布局导航与确认反馈,验收,§验收标准-交互验收,实现「验收-交互-布局导航与确认反馈」：行为与 PRD 引用段落一致；详情可参考 semi-auto 同名条目的综述/流程。,相关菜单可达；Mock 数据或后端接口按迭代约定可用。,按 PRD「成功结果」可观察验证；失败时不静默；关键动作可追溯审计（若适用）。,P1,草稿,,,
ACC-005,验收标准（交叉）,验收-交互-日志分页筛选一致,验收,§验收标准-交互验收,实现「验收-交互-日志分页筛选一致」：行为与 PRD 引用段落一致；详情可参考 semi-auto 同名条目的综述/流程。,相关菜单可达；Mock 数据或后端接口按迭代约定可用。,按 PRD「成功结果」可观察验证；失败时不静默；关键动作可追溯审计（若适用）。,P1,草稿,,,
ACC-006,验收标准（交叉）,验收-一致性-资源同步与章节解析一致,验收,§验收标准-一致性验收,「同步到所有范本」后，引用章节内容与资源 HTML 一致；`resolveSectionRichHtml` 展示与预期一致。,可构造引用。,同步前后对比可测；无「已归档范本隔离」验收项。,P1,草稿,,替代归档一致性,更新
ACC-007,验收标准（交叉）,验收-一致性-日志可追溯,验收,§验收标准-一致性验收,实现「验收-一致性-日志可追溯」：行为与 PRD 引用段落一致；详情可参考 semi-auto 同名条目的综述/流程。,相关菜单可达；Mock 数据或后端接口按迭代约定可用。,按 PRD「成功结果」可观察验证；失败时不静默；关键动作可追溯审计（若适用）。,P1,草稿,,,
ACC-008,验收标准（交叉）,验收-一致性-范本状态与资源版本痕迹,验收,§验收标准-一致性验收,范本仅在 **draft/published** 间变化可测；资源以 **contentVersion**（或 versions）体现修改痕迹，与 PRD 规则1 一致。,有编辑操作。,状态与版本字段与 UI 展示一致。,P1,草稿,,无范本归档快照,更新
OUT-BID-001,（非本期）招标文件,（非本期）范本一键生成正式招标文件-占位,验收,§范围说明-非本期范围,完整「从范本生成带签章成品 Word/PDF」仍属规划/非本期闭环；界面若有入口以 PRD 占位说明为准。,范围基线确认。,不强制功能验收；与 PRD 非本期列表一致。,P2,草稿,,,更新
OUT-BID-002,（非本期）招标文件,（非本期）变量回填与成品导出-占位,验收,§范围说明-非本期范围,变量全量回填、法务签章流、归档成品库等非本期；**招标文件管理**页若存在仅为 Mock 演示，验收见 ACC-002。,—,与 PRD 范围说明一致。,P2,草稿,,演示见招标文件管理,更新
OBS-001,（废止口径）,资源-独立「保存草稿」「发布」与状态枚举,删除,—,原骨架/半自动表中资源侧草稿·发布分态；现行 PRD 为单稿「保存」即生效，无资源级 draft/published 验收。,—,不作为本期通过条件。,—,—,,对照 RM-001、GL-002、RM-016～RM-018,删除
OBS-002,（废止口径）,资源侧主流程-绑定章节/确认绑定/解绑,删除,—,原 RM 细粒度绑定主路径；现行 PRD 以范本 WPS 侧栏插入建立关联，资源管理不提供绑定主流程。,—,不作为本期通过条件。,—,—,,对照 RM-004、GL-007,删除
OBS-003,（废止口径）,范本状态「已归档」及同步跳过 archived,删除,—,原 DB/TP/GL/ACC 中 archived 范本与「跳过已归档」联动；现行实现与 PRD 仅 draft/published。,—,不作为本期通过条件。,—,—,,对照 DB-013、TP-001、GL-003、GL-009,删除
OBS-004,（废止口径）,规则2-归档快照不受资源变 / 仅联动非归档范本,删除,—,原 GL-005～GL-007 类旧表述；现行规则2 以 resolveSectionRichHtml + 显式同步到范本为准，无范本归档分支。,—,不作为本期通过条件。,—,—,,对照 GL-005～GL-011,删除
OBS-005,（废止口径）,WPS 插入失败-剪贴板兜底或手工粘贴,删除,—,原 WE 兜底表述；现行 PRD/实现仅弹窗「重试」「取消」，无粘贴回退。,—,不作为本期通过条件。,—,—,,对照 WE-004、GL-014,删除
OBS-006,（废止口径）,验收-「不验收范本到招标文件」字面条款,删除,—,旧 ACC-002 占位；已改为「招标文件管理 Mock 演示」可选验收，见 ACC-002。,—,不作为本期通过条件。,—,—,,对照 ACC-002,删除
OBS-007,（废止口径）,验收-归档不受资源影响（旧一致性条款）,删除,—,旧 ACC-006；已改为资源同步与章节解析一致，无归档隔离验收。,—,不作为本期通过条件。,—,—,,对照 ACC-006,删除
OBS-008,（废止口径）,全局规则3-泛化「失败回退方案」含隐式绕过,删除,—,旧 GL-014 泛化回退；WPS 插入场景已收窄为 GL-014/NFR-004 现行表述。,—,不作为本期通过条件。,—,—,,对照 GL-014、NFR-004,删除
